{"Ravenclaw": [-2.7417862879451826, 2.6900880689644264, 3.0567387565316344], "Slytherin": [-3.5249267418415955, -2.4259404644417755, 2.509215590653132], "Gryffindor": [-3.361421712679817, -2.6566077909266252, -2.5187456475221013], "Hufflepuff": [-2.288266775668768, 2.904806760514462, -3.125563474739412]}